Hospital Name,Hospital Type ,Address,City,State,Postal Code,Email,Contact ,Rating,Doctor's Name,Facility Type ,Insurance ,Emergency Service,Opening Hours,Latitude,Longtitude,Web site URL
Premier Hospital,Hospital,"12-2-718, Khader Bagh Rd, Padmanabha Nagar, Toli Chowki",Hyderabad,Telanagana,500008,helpdesk@premierhospital.in,918374718100,4.3,Dr. Mahesh Marda,General Physician,Yes,Yes,24 hours,17.39168,78.4269971615705,https://premierhospital.in/
Mythri Hospital,Hospital,"Opp Pillar No. 81, PVNR Expressway, Inner Ring Rd, Maruthi Nagar, Mehdipatnam",Hyderabad,Telanagana,500008,info@mythrihospital.net,914023516326,4.7,Dr. Mohd Anfas,General Physician,Yes,Yes,24 hours,17.3843302056205,78.4290783535128,https://mythrihospital.net/doctors
Olive Hospital,Hospital,"Building No. 12-2-718/3,4,5, Nanalnagar ‘X' Road, Mehdipatnam",Hyderabad,Telanagana,500028,info@olivehospitals.com,919666905092,4.4,Dr. MD ABDUL MAJID KHAN,General Physician,No,Yes,24 hours,17.3937243874797,78.4270830259922,https://www.olivehospitals.com/specialities/view/86
Sameer Hospital,Hospital,"12, Asif Nagar Rd, Sri Ram Nagar Colony, MIGH Colony, Humayun Nagar",Hyderabad,Telanagana,500028,info@sameerhospitals.in,040 2353-2829,3.4,Dr. Mansoor,General Physician,No,Yes,24 hours,17.3934084566034,78.4445781867107,http://sameerhospitals.in/
Salamah Hospital,Hospital,"13-6-436/5/A/1, near Masjid-e-Quba, Rock HIlls Colony, Mehdipatnam",Hyderabad,Telanagana,500008,info@salamahhospital.in,9179813 75626,3.2,Dr. Asma Ghouse,General Physician,No,No,24 hours,17.3923126650073,78.4265550882214,https://salamahhospital.in/our-team/
Himagiri Hospitals,Hospital,"plot no 4, 5,23 & 24, Old Mumbai Hwy, Indira Nagar, Gachibowli",Hyderabad,Telanagana,500032,info@himagirihospitals.com,918008503564,4.2,Dr. Sri Sai Nivya,General Physician,Yes,Yes,24 hours,17.4425359492453,78.3586577583978,https://www.himagirihospitals.com/
AIG Hospitals,Hospital,"1-66/AIG/2 to 5, Mindspace Rd, P Janardhan Reddy Nagar, Gachibowli",Hyderabad,Telanagana,500032,info@aighospitals.com,9140 4244 4222,4.4,Dr. Apoorva Munigela,General Physician,Yes,Yes,24 hours,17.4433138827142,78.3661443897119,https://aighospitals.com/
Medics Healthcare,Clinic,"Survey No. 55/E, Nanakramguda circle Nanakram Guda, Gachibowli",Hyderabad,Telanagana,500032,hello@drrahulchirag.com,918977037262,3.1,Dr. Rahul Chirag,General Physician,No,No,5PM to 8PM,17.4200457234961,78.3541901035058,https://www.drrahulchirag.com/
Goutam MultiSpeciality Hospital,Hospital,"116, Lumbini Enclave, Hitech City Main Rd, near IKEA Restaurant, Gachibowli",Hyderabad,Telanagana,500081,info@goutamneurocare.com,919885141699,4.9,Dr. Neeraja,General Physician,Yes,Yes,24 hours,17.4336614320452,78.3743759164742,https://goutamneurocare.com/
Arete Hospitals,Hospital,"opposite biodiversity park, Madhura Nagar Colony, Gachibowli",Hyderabad,Telanagana,500081,info@aretehospitals.com,91406969 6969,4.8,Dr. Ananda Sagari,General Physician,No,Yes,24 hours,17.4280238481205,78.3750007597737,https://www.aretehospitals.com/
Omega hospitals,Hospital,"CHR Lane, Rd Number 1, Seven Hills Colony, Gachibowli",Hyderabad,Telanagana,500032, info@omegahospitals.com,919848011421,3.8,Dr. Samragni Vasireddy,General Physician,Yes,Yes,24 hours,17.4366883279581,78.3674246164768,https://www.omegahospitals.com/
Continental Hospitals,Hospital,"Plot No 3, Road No. 2, Financial District, Gachibowli, Nanakaramguda",Hyderabad,Telanagana,500032,queries@continentalhospitals.com,917799360360,4.6,Dr Shilpa Aralikar,General Physician,Yes,Yes,24 hours,17.4177106306944,78.3395222756553,https://continentalhospitals.com/
CARE Hospitals,Hospital,"Old Mumbai Hwy, near Cyberabad Police Commissionerate, Jayabheri Pine Valley, HITEC City",Hyderabad,Telanagana,500032,,914068106585,4.5,Dr Rahul Agrawal,General Physician,Yes,Yes,24 hours,17.4306825454545,78.3722685175614,https://www.carehospitals.com/
Apollo Clinic,Clinic,"Kothaguda, X Roads, beside Swagth De-Royal Restaurants",Hyderabad,Telanagana,500038,hitechcity@apolloclinic.com,18605007788,4.6,Dr Vivek Belde,General Physician,Yes,No,7AM to 9PM,17.4600583228213,78.3658006891171,https://www.apolloclinic.com/
SatyaSree Clinics & Diagnostics,Clinic,"Botanical Garden Road, (Beside Chirec School) Kondapur",Hyderabad,Telanagana,500084,satyasreehospital@gmail.com,919515344388,4.2,Dr Sridhar Y,General Physician,No,Yes,7AM to 10PM,17.462609181613,78.3508335618864,https://satyasreeclinics.com/
Nikhil Hospitals,Hospital,"Gaddi Annaram Cross Road, Dilsukh Nagar Main Rd, Dilsukhnagar",Hyderabad,Telanagana,500036,contact@nikhilhospitals.com,040 7124 1111,4.3,Dr Likitha Dasari,General Physician,Yes,Yes,24 hours,17.3683368024954,78.5203461864239,https://nikhilhospitals.com/
Sreshta Sri Kamala Hospitals,Hospital,"11-11-739/1&2, NH 65, Dilsukhnagar",Hyderabad,Telanagana,500060,sreshtasrihospitals@gmail.com,918908901188,3.4,Dr V Vamsi,General Physician,No,Yes,24 hours,17.3686053968808,78.5220210330928,https://sreshtasrikamalahospitals.in/index.php
Dr MV Rao,Hospital,"2rd floor, Yasodha Hospital, Room No: 238, Raj Bhavan Rd, Somajiguda",Hyderabad,Telanagana,500082,drdrmvraomallela@gmail.com,919908600004,4.9,Dr M V Rao,General Physician,No,No,10AM to 4PM,17.4246310147673,78.4569204307395,https://drmvrao.com/
Metro City Hospital ,Hospital,"2-2-18, Nagole - Bandlaguda Rd,road no:8, Road No. 8, Arunodaya Nagar, Nagole",Hyderabad,Telanagana,500068,metrocityhospital.org@gmail.com,918892808182,4.5,Dr. Vasantha,General Physician,No,No,24 hours,17.3740670518977,78.5629208588114,https://www.metrocityhospital.org/index.html
Vasavi Hospital,Hospital,"branch Ashta laxmi, H.No: 11-13-1161, Ram Pratap nivas Beside Andhra Bank(green hills colony, Temple Rd N, Kothapet",Hyderabad,Telanagana,500035,info@vasavihospital.net,918686969640,4.4,Dr. Vasantha.J,General Physician,No,No,24 hours,17.3636059454187,78.5451002184494,https://www.vasavihospital.org/index.html
SLG Hospitals,Hospital,"SLG Circle, Krishnaja Hills, Nizampet",Hyderabad,Telanagana,500090,INFO@SLGHOSPITALS.COM,917799235678,4.2,Dr. A Santhosh Kumar,General Physician,No,Yes,24 hours,17.5286303543496,78.3627349720128,https://slghospitals.com/
Pranahitha Hospitals,Hospital,"H.no- 13-3-10/B Hanuman Nagar, Pillar No: A 1555, Chaitanyapuri, Dilsukhnagar",Hyderabad,Telanagana,500036,info@pranahithahospitals.com,918008801192,4.8,Dr. Vinay Kumar,General Physician,No,Yes,24 hours,17.3695118803111,78.5303522733771,https://pranahithahospitals.com/
KIMS Hospitals,Hospital,"Begumpet, 1-8-31/1, Minister Rd, Krishna Nagar, Ramgopalpet, Secunderabad,",Hyderabad,Telanagana,500003,,040 44885000,4.5,Dr. Shiva Raju,General Physician,Yes,Yes,24 hours,17.4367415766855,78.4825293443508,https://www.kimshospitals.com/
Dr. Finy's Clinic,Clinic,"Plot no. 498, Shop 5, Roja Raja Nilayam, Gokul Plots, 9th Phase, K P H B Phase 9, Kukatpally",Hyderabad,Telanagana,500085,contact@drfiny.in,919885000720,4.8,Dr. Fini Philip,General Physician,No,No,10AM to 9PM,17.4890246232724,78.3806830475183,https://www.drfiny.in/
Aditya Hospital,Hospital,"4-1-16, Tilak Rd, Bogulkunta, Abids",Hyderabad,Telanagana,500001,info@adityahospital.com,919100405555,3.5,Dr.K.Raja Shekhar Reddy,General Physician,No,Yes,24 hours,17.3905257356122,78.4812404603661,https://www.adityahospital.com/
Abr Hospitals,Hospital,"Pillar No:28, Uppal Cheruvu Katta Main Road",Hyderabad,Telanagana,500039,abrclinics@gmail.com,919000089954,4.3,Dr. N. Geetha Sree,General Physician,Yes,Yes,24 hours,17.4020242257449,78.5763833111692,https://www.abrhospital.com/index.php
CARE Hospitals Banjara Hills,Hospital,"Road No.1, Banjara Hills",Hyderabad,Telanagana,500004,,914068106589,4.5,Dr. Ajay Rotte,General Physician,Yes,Yes,24 hours,17.4128278641681,78.450211509322,https://www.carehospitals.com/
Mark Hospital,Hospital,"Bandlaguda Jagir, Bandlaguda Jagir-kismatpura",Hyderabad,Telanagana,500086,info@markhospitals.com,918886670280,4.2,Dr. Pulavarthi Bhagyaraj,General Physician,No,Yes,24 hours,17.356001588827,78.388410368839,https://markhospitals.com/
RNC Hospital,Hospital,"plot-6, Manikya Nagar, KMG Garden Road, Near Chintal Bus stop, Chintal, Quthubullapur ",Hyderabad,Telanagana,500037,rnchospitals.com,916305912270,4.5,Dr. G. Navneetha,General Physician,No,Yes,8AM to 5PM,17.4955961243711,78.4523730958295,https://rnchospitals.com/
My Health Hospital,Hospital,"Rd Number 1, Kukatpally Housing Board Colony,Kukatpally",Hyderabad,Telanagana,500072,info@myhealthhospitals.com,919111674111,4.8,Dr.Ch. Srujith,General Physician,No,Yes,24 hours,17.4931719653696,78.4019463804881,https://www.myhealthhospitals.com/index.php
Medics Healthcare,Hospital,"Plot No 1 to 5, LB Nagar",Hyderabad,Telanagana,500074,info@medisyshospitals.com,919133337577,3.9,Dr Shiva Prasad Jagini,General Physician,Yes,Yes,24 hours,17.3414774715401,78.5578589534974,https://www.medisyshospital.com/
Udai Omni Hospitals Pvt Ltd,Hospital,"5-9-92/A/1, Chapel Road, Abids",Hyderabad,Telanagana,500001,info@udaiomni.com,914023232226,4.4,Dr Srirang Abkari,General Physician,Yes,Yes,24 hours,17.3971611587278,78.472422724663,https://udaiomni.com/
Prk Hospitals,Hospital,"Sy No – 360, No – 5/4 – 12-16, NH65, Chanda Nagar,",Hyderabad,Telanagana,500050,enquiries@prkhospitals.com,919154927483,4.2,Dr. S. Shazia Farhana,General Physician,Yes,Yes,24 hours,17.4948882718897,78.3214357093235,https://prkhospitals.com/
Nextgen Hospitals,Hospital,"H.NO 421, MIG 1, Road 4, Kphb Colony, Kukatpally",Hyderabad,Telanagana,500072,nextgenhospitals@gmail.com,919391423050,4.4,Dr. Rajesh Vukkala,General Physician,No,Yes,24 hours,17.4893492094517,78.396048680488,https://nextgenhospitals.com/
Ozone Hospitals,Hospital,"Plot No 23 & 25, Road No 1, Green Hills, Kothapet",Hyderabad,Telanagana,500035,info@ozonehospitals.com,914022108108,4.5,Dr. N Vikram,General Physician,Yes,Yes,24 hours,17.3596959478953,78.5449987823331,https://www.ozonehospitals.com/
Woodlands Hospital,Hospital,"House No 3-4-852, Barkatpura",Hyderabad,Telanagana,500027,woodlandshospital@gmail.com,040 27560423,4.2,Dr G Santosh,General Physician,No,Yes,24 hours,17.3931371724932,78.4976353400044,https://www.woodlandshospital.net/
Delight Hospital,Hospital,"3-18/1/P/2, Puppalaguda, Manikonda",Hyderabad,Telanagana,500089,delighthospitals@gmail.com,916309569696,4.7,Dr.Nitin Kurakula,General Physician,No,Yes,24 hours,17.395892131587,78.362850638157,https://delighthospital.whitecoats.com/
Aware Gleneagles Global Hospitals,Hospital,"Door No 6-1-1070/1 to 4, Lakdi Ka Pool-khairatabad",Hyderabad,Telanagana,500004,queries.lkp@globalhospitalsindia.com,914023491000,4.5,Dr. Haricharan,General Physician,Yes,Yes,24 hours,17.3463488013335,78.540056513578,https://gleneaglesglobalhospitallakdikapul.com/
VR Multispeciality Hospitals,Hospital,"Plot No.3, KS Towers, Ganesh Nagar Colony, Hasmathpet Road, Bowenpally",Hyderabad,Telanagana,500011,support@vrmultispecialityhospitals.com,917288999960,3.6,Dr. Satish Kumar,General Physician,Yes,Yes,24 hours,17.4705315979384,78.4805064246644,https://www.vrmultispecialityhospitals.com/
Care Hospitals Nampally,Hospital,"Exhibition Grounds, Road, Nampally",Hyderabad,Telanagana,500001,,914068106589,4.1,Dr. Ajith Kumar,General Physician,Yes,Yes,24 hours,17.385979011818,78.4741341669922,https://www.carehospitals.com/
Goutam Hospitals,Hospital,"116, Lumbini Enclave, Hitech City Main Road, Gachibowli",Hyderabad,Telanagana,500032,info@goutamneurocare.com,919666219699,4.4,Dr. Alluri Neeraja,General Physician,Yes,Yes,24 hours,17.4925749046465,78.3976743688414,https://goutamneurocare.com/index.php
Kiran Hospital,Hospital,"8-8-112/1,Sri Ram Nagar Colony,Opp.Oyo G7 Hotel, Nagarjuna Sagar Road, Karmanghat",Hyderabad,Telanagana,500035,doctor@kiranhospitals.in,919110702129,4.6,Dr. Neeharika Reddy,General Physician,Yes,Yes,24 hours,17.3453441292153,78.5282080246622,https://www.kiranhospitals.in/
Srikara Hospitals,Hospital,"Street Number 7, Near RTC X Road, beside NABARD, Musheerabad",Hyderabad,Telanagana,500020,info@srikarahospitals.com,040 46460000,4.4,Dr. G. Ajitha,General Physician,Yes,Yes,24 hours,17.4091840189211,78.496203082334,https://srikarahospitals.com/
Ravi Helios Hospital,Hospital,"Ravi Helios Hospital 175, R K Matt Road, Indira Park",Hyderabad,Telanagana,500029,drbvb1966@gmail.com,914066445050,3.8,DR.B.Vijay Bhasker,General Physician,No,Yes,24 hours,17.4112223542474,78.4830881804866,https://www.disablefoundation.com/index.html
METROCARE CLINICS,Clinic,"1-4-56/1/FF, Street Number 8,OPP ICICI Direct, Habsiguda,",Hyderabad,Telanagana,500007,metrocareclinics@gmail.com,918106977774,4.7,Dr. P.Gautam,General Physician,No,No,6AM to 8:30PM,17.4130662355958,78.5450932534987,https://www.metrocareclinics.com/
Rbm Hospitals,Hospital,"House No 1-10/5, Boduppal",Hyderabad,Telanagana,500092,care@rbmhospitals.com,040 2720 8999,3.9,Dr. Srinivas Reddy,General Physician,Yes,Yes,24 hours,17.4188140256047,78.5835028516514,https://www.rbmhospitals.com/index.html
Vivid Imaging & Diagnostics And Polyclinics,Hospital,"4-102, behind Anu Furniture and Tipsy Topsy Bakery, Gangaram, Chanda Nagar",Hyderabad,Telanagana,500050,info@vividdiagnostics.in,919014868655,4.4,Dr. Bommireddy Swetha,General Physician,Yes,Yes,24 hours,17.4946456327749,78.3245596669941,https://www.vividdiagnostics.in/index.html
Medicover Hospitals ,Hospital,"7-1-21, Railway Station Rd, opp. Metro Station Begumpet, Leelanagar, Ameerpet",Hyderabad,Telanagana,500016,info@medicoverhospitals.in,917032969191,4.2,Dr Nandana Jasti,General Physician,Yes,Yes,24 hours,17.4379225988224,78.4562978958285,https://www.medicoverhospitals.in/
Sai Deepa Hospital,Hospital,"PLOT NO.387,church road,HUDA Colony, chandanagar.",Hyderabad,Telanagana,500050,info@saideepahospitals.com,917093762716,4.8,Dr.Kolla Viswateja,General Physician,Yes,Yes,24 hours,17.4932184266771,78.3279492111708,https://saideepahospitals.com/
Dr K Sandeep Reddy Clinic,Clinic,"opposite biodiversity park, Madhura Nagar Colony, Gachibowli,",Hyderabad,Telanagana,500081,drksandeepreddy4@gmail.com,919160483484,5.0,Dr. Sandeep Ready,General Physician,No,No,10AM to 4PM,17.4281344640854,78.375003753499,https://drksandeepreddy.com/
Care Clinic ,Clinic,"Pillar Number 125, Care Clinic, Lane, adjacent to Spencer, opposite IRIS Hospital, Radha Krishna Nagar, Attapur",Hyderabad,Telanagana,500048,,917989676770,5.0,Dr. Raja Ramesh,General Physician,No,No,5PM to 8PM,17.3700014166557,78.4274012958273,https://book.healthplix.com/dr-d-raja-ramesh-md-osm-diabetologist-pillar-no-177-
Dr Paul's Clinic,Clinic,"H.no 8-2-672/S201 2nd floor, opposit karachi bakery, Sufi Chambers, Banjara Hills Rd Number 1, Mithila Nagar, Banjara Hills",Hyderabad,Telanagana,500034,sanj_paul@rediffmail.com,919885986722,5.0,Dr. Sanjoy Paul,General Physician,No,No,8:30AM to 7PM,17.4129266484235,78.449716248227,https://drpaulsclinic.whitecoats.com/
Dr Gautam Gorityala - General Physician,Clinic,"Ground floor, OP - 3, Orange hospitals, Chandrapuri Colony, L. B. Nagar,",Hyderabad,Telanagana,500074,drgautamgorityala@gmail.com,919346176484,5.0,Dr. Gautam Gorityala,General Physician,No,No,11AM to 3PM,17.34527506165,78.5537184669915,https://www.drgautamgorityala.com/
V Care Clinic,Clinic,"Behind Habeeb Nagar PS, Near, Alhamdulillah Hotel Rd, Aghapura, Nampally",Hyderabad,Telanagana,500001,drmohdvaseem@gmail.com,919177901230,4.9,Dr. Mohd Vaseem,General Physician,No,No,6PM to 8PM,17.3896333532678,78.4629900400043,https://book-appointment.healthplix.com/dr-mohd--vaseem-pulmonoligist--chest-physician-aghapura--nampally-hyderabad#
"Dr Imtiaz Ahmed, General Surgeon",Clinic,"M Healthcare, beside Indian bank, Taj Enclave, Khairtabad",Hyderabad,Telanagana,500004,dr_imtiaz21@rediffmail.com,919885128363,3.1,Dr Imtiaz Ahmed,General Physician,No,No,6PM to 8PM,17.409607741606,78.4637019400047,https://drimtiazahmed.in/
Sreejay Multi Specialty Dentist & Implant Centre,Clinic,"Plot No.- 2-2-185/63, Street No.- 12, Amberpet, Hyderabad - 500013 (Opposite Indian Overseas Bank, Near Ayyappa Temple)",Hyderabad,Telangana,500013,,9866194405,4.9,Dr. I. Venkata Krishna,Dentist,Yes,Yes,10AM to 4PM,17.3965484,78.5184261,https://www.justdial.com/Hyderabad/Sreejay-Multi-Specialty-Dental-Clinic-Implant-Centre-Opposite-Indian-Overseas-Bank-Near-Ayyappa-Temple-Amberpet/040PXX40-XX40-140325180325-F1R4_BZDET?ncatid=11273042&area=&search=Best%20Dental%20Hospitals%20in%20Hyderabad%20-%20Book%20Appointment%20Online&mncatname=Dental%20Hospitals&search_id=3fa20e44aaf4e65f137f16c971d1d05f9021264e8fd2da2c60a106e6040293ae&abd_btn=&abd_heading=
Clove Dental,Clinic,"No.573H&I, 2nd Floor, Road No 1, Jubilee Hills, Hyderabad - 500033 (Above Bentley Showroom Parkview Complex, Opposite Kbr Park, Journalists Colony B)",Hyderabad,Telangana,500033,,7947451981,4.7,Dr A Supraja,Dentist,Yes,Yes,10AM to 4PM,17.4178022,78.4136369,https://clovedental.in/
Anandbagh Super Speciality Dentist,Clinic,"House No 23-73/1, R K Nagar, Malkajgiri, Hyderabad - 500047 (Opposite Cinepolis Above Apollo Pharmacy)",Hyderabad,Telangana,500047,,,4.7,Dr. Siva Srinivas,Dentist,Yes,Yes,6PM to 8PM,17.45641,78.53718972,https://www.justdial.com/Hyderabad/Anandbagh-Super-Speciality-Dental-Hospital-Opposite-Cinepolis-Above-Apollo-Pharmacy-Malkajgiri/040P1237798559G1R8N9_BZDET?ncatid=11273042&area=&search=Best%20Dental%20Hospitals%20in%20Hyderabad%20-%20Book%20Appointment%20Online&mncatname=Dental%20Hospitals&search_id=3fa20e44aaf4e65f137f16c971d1d05f9021264e8fd2da2c60a106e6040293ae&abd_btn=&abd_heading=
Sirvi Dental Care & Implant Centre,Clinic,"Plot No 26, Godavari Homes Colony, Suchitra Cross Road, Hyderabad - 500067 (Beside SBI Bank,Opposite Bank Colony)",Hyderabad,Telangana,500067,,,4.5,Dr. Shruthi,Dentist,Yes,Yes,9AM-12PM,17.503995,78.46939306,https://www.justdial.com/Hyderabad/Sirvi-Dental-Care-Implant-Centre-Beside-SBI-BankOpposite-Bank-Colony-Suchitra-Cross-Road/040PXX40-XX40-150407131730-T7X5_BZDET?ncatid=11273042&area=&search=Best%20Dental%20Hospitals%20in%20Hyderabad%20-%20Book%20Appointment%20Online&mncatname=Dental%20Hospitals&search_id=3fa20e44aaf4e65f137f16c971d1d05f9021264e8fd2da2c60a106e6040293ae&abd_btn=&abd_heading=
Siddhartha Multispeciality Dentist & Implant Centre,Dentist,"# 12-13-588/4, St No.20, Nagarjuna Nagar, Tarnaka, Hyderabad - 500007",Hyderabad,Telangana,500007,,9666945166,4.8,Dr. Jyothi Rao,Dentist,Yes,Yes,9AM-12PM,17.4253208,78.5418281,https://siddhartha-multi-speciality-dental-hospital.business.site/
National Dental Care Clinic - Vanasthalipuram,Clinic,"3rd Floor, Vanasthalipuram, Hyderabad - 500070 (Near D Mart)",Hyderabad,Telangana,500070,,9169269369,4.9,,Dentist,Yes,No,6PM to 8PM,17.3364701,78.5729164,https://www.justdial.com/Hyderabad/National-Dental-Care-Clinic-Vanasthalipuram-Near-D-Mart-Vanasthalipuram/040PXX40-XX40-230808210051-J8Y2_BZDET?ncatid=11273042&area=&search=Best%20Dental%20Hospitals%20in%20Hyderabad%20-%20Book%20Appointment%20Online&mncatname=Dental%20Hospitals&search_id=3fa20e44aaf4e65f137f16c971d1d05f9021264e8fd2da2c60a106e6040293ae&abd_btn=&abd_heading=
Smileton Dental,Clinic,"S No.460, Second Floor, Ganapathi Chambers, ECIL, As Rao Nagar, Hyderabad - 500062 (Main Road,Above Danvanthari Medical & Aditya Pharmacy)",Hyderabad,Telangana,500062,,8904956210,5.0,Dr. Praneeth Raj,Dentist,Yes,No,10AM to 4PM,17.47933889,78.55766944,https://smileton-dental-as-rao-nagargar.business.site/
Partha Dental Skin & Hair Clinic,Clinic,"House No. - 7-12, Plot No. - 17, 2nd Floor, Chevella Road, Hyder Shah Kote, Hyderabad - 500091 (Survey No 15/1,Opposite Bata Show Room, Hydershah Kote Village)",Hyderabad,Telangana,500091,,7947375371,4.8,Dr. P.V. Parthasarathi,Dentist,Yes,Yes,9AM-12PM,17.3649773,78.3960208,https://parthadental.com/
Vasan Dental Care,Clinic,"Plot No 86, Sri Bajrang Heights, Chanda Nagar, Hyderabad - 500050 (Beside RS Brothers)",Hyderabad,Telangana,500050,,8197411215,4.0,Dr. Jyosthna G,Dentist,Yes,No,10AM to 4PM,17.49523542,78.33248136,https://www.justdial.com/Hyderabad/Vasan-Dental-Care-Beside-RS-Brothers-Chanda-Nagar/040PXX40-XX40-120813154759-C4S1_BZDET?ncatid=11273042&area=&search=Best%20Dental%20Hospitals%20in%20Hyderabad%20-%20Book%20Appointment%20Online&mncatname=Dental%20Hospitals&search_id=3fa20e44aaf4e65f137f16c971d1d05f9021264e8fd2da2c60a106e6040293ae&abd_btn=&abd_heading=
Sri Datta Dentist,Clinic,"Krishna Tulasi Nilayam, KPHB, KPHB Colony, Hyderabad - 500085 (Near Main Road)",Hyderabad,Telangana,500085,sridattadental@gmail.com,919550029730,5.0,,Dentist,Yes,Yes,9AM-12PM,17.4765089,78.3860672,https://www.sridattadental.com/
The White Dental Specialities,Clinic,"H.no 11-13-1253/2 Ground Floor, Vasavi Colony, Kothapet, Hyderabad - 500035 (Beside Ratnadeep)",Hyderabad,Telangana,500035,,9980919064,5.0,Dr. Yogendher Juvvadi,Dentist,Yes,No,9AM-12PM,17.3641005,78.5473617,https://www.justdial.com/Hyderabad/The-White-Dental-Specialities-Beside-Ratnadeep-Kothapet/040PXX40-XX40-210305112931-D9E4_BZDET?ncatid=11273042&area=&search=Best%20Dental%20Hospitals%20in%20Hyderabad%20-%20Book%20Appointment%20Online&mncatname=Dental%20Hospitals&search_id=985257bbb1298d61fa0a56f96d55273fe7409be9a4c60b2d46f8ce6e255ce11c&abd_btn=&abd_heading=
National Dental Care,Clinic,"1st Floor, Abhi Acrade, Near Forum Mall, Kphb Colony, Hyderabad - 500085 (Beside Anupama Hospital, Above Me and Mom)",Hyderabad,Telangana,500085,hydndc@gmail.com,9169269369,4.7,Dr. Yugandhar,Dentist,Yes,Yes,6PM to 8PM,17.485433,78.39026,https://www.nationaldentalcare.in/
Amit Dental & Implant Center,Clinic,"H.no.16-11-741/C/A/4, SBH Colony Road, Dilsukh Nagar, Hyderabad - 500060 (Beside Lane TMC,Near Ikon Hospital)",Hyderabad,Telangana,500060,,,4.8,,Dentist,Yes,No,10AM to 4PM,17.371047,78.520737,https://www.justdial.com/Hyderabad/Amit-Dental-Implant-Center-Beside-Lane-TMCNear-Ikon-Hospital-Dilsukh-Nagar/040PXX40-XX40-131224180901-Q5T4_BZDET?ncatid=11273042&area=&search=Best%20Dental%20Hospitals%20in%20Hyderabad%20-%20Book%20Appointment%20Online&mncatname=Dental%20Hospitals&search_id=985257bbb1298d61fa0a56f96d55273fe7409be9a4c60b2d46f8ce6e255ce11c&abd_btn=&abd_heading=
Tarnaka Dentist,Clinic,"Door No 12-13-60, Vamshi Complex, Tarnaka, Tarnaka, Hyderabad - 500007 (Beside Suraksha Children Hospital)",Hyderabad,Telangana,500007,,8147100645,4.4,Dr. K U Rao,Dentist,Yes,No,9AM-12PM,17.41620089,78.53865826,https://www.justdial.com/Hyderabad/Tarnaka-Dental-Clinic-Beside-Suraksha-Children-Hospital-Tarnaka/040PNE02715_BZDET?ncatid=11273042&area=&search=Best%20Dental%20Hospitals%20in%20Hyderabad%20-%20Book%20Appointment%20Online&mncatname=Dental%20Hospitals&search_id=985257bbb1298d61fa0a56f96d55273fe7409be9a4c60b2d46f8ce6e255ce11c&abd_btn=&abd_heading=
Rajus Dental,Clinic,"Plot No 805/1, Gopal Nagar Road No 06C, KPHB Colony, Hyderabad - 500085 (Opposite Abhayanjaneya Temple)",Hyderabad,Telangana,500085,rajusdental@gmail.com,8296533305,5.0,Dr. Mohan Raju,Dentist,Yes,No,10AM to 4PM,17.48465833,78.37163611,http://www.rajusdental.com/
National Dental Care,Clinic,"Sri Nagar Colony, Hyderabad - 500073 (Opposite Satya Sai Nigamamam)",Hyderabad,Telangana,500073,hydndc@gmail.com,8792492697,4.9,Dr. Yugandhar,Dentist,Yes,Yes,9AM-12PM,17.43027897,78.43680297,https://www.nationaldentalcare.in/
Partha Dental Skin & Hair Clinic,Clinic,"Door No 7-1-201/2, Preeth Complex, Ameerpet, Hyderabad - 500016 (Above Food World Supermarket, Opposite Mch Sports Complex, Above Haritage Super Market)",Hyderabad,Telangana,500016,,7947197208,4.3,Dr. Amardeep d,Dentist,Yes,No,9AM-12PM,17.438821,78.450636,https://parthadental.com/
Happy Dentist,Clinic,"H No 3-6-530/1, Ground Floor, Street No 7, Himayat Nagar, Hyderabad - 500029 (Lane Opp Minerva Coffee Shop,)",Hyderabad,Telangana,500029,,9035567870,5.0,,Dentist,Yes,No,10AM to 4PM,17.4025116,78.4857857,https://www.justdial.com/Hyderabad/Happy-Dental-Hospital-Lane-Opp-Minerva-Coffee-Shop-Himayat-Nagar/040PXX40-XX40-230331154929-S1T4_BZDET?ncatid=11273042&area=&search=Best%20Dental%20Hospitals%20in%20Hyderabad%20-%20Book%20Appointment%20Online&mncatname=Dental%20Hospitals&search_id=985257bbb1298d61fa0a56f96d55273fe7409be9a4c60b2d46f8ce6e255ce11c&abd_btn=&abd_heading=
Thiruvara Dentist,Clinic,"Door No 8-3-952/10/4, 1st Floor, Srinagar Colony Road, Punjagutta, Hyderabad - 500082 (Behind Big Bazaar)",Hyderabad,Telangana,500082,,9731803187,4.9,,Dentist,Yes,No,6PM to 8PM,17.4298683,78.4489993,https://www.justdial.com/Hyderabad/Thiruvara-Dental-Clinic-Behind-Big-Bazaar-Punjagutta/040P8300963_BZDET?ncatid=11273042&area=&search=Best%20Dental%20Hospitals%20in%20Hyderabad%20-%20Book%20Appointment%20Online&mncatname=Dental%20Hospitals&search_id=985257bbb1298d61fa0a56f96d55273fe7409be9a4c60b2d46f8ce6e255ce11c&abd_btn=&abd_heading=
Siri Dentist,Clinic,"Shop No 8 & 9, Mamata Estate, Allwyn-X-Roads, Miyapur, Hyderabad - 500049 (Beside Axis Bank)",Hyderabad,Telangana,500049,,8197384390,4.5,Dr. Sameer,Dentist,Yes,No,10AM to 4PM,17.4934766,78.3511208,https://www.siridental.in/
The Tooth Company,Clinic,"Road Number 36, Jubilee Hills, Hyderabad - 500033 (Metro Pillar C1666, 803, Above Manyavar, CBI Colony)",Hyderabad,Telangana,500033,info@thetoothcompany.in,8197677958,4.9,Dr. Greeshma Matharasi,Dentist,Yes,Yes,9AM-12PM,17.435033,78.402005,https://www.thetoothcompany.in/
Gb Dentists,Dentist,"Door NO 13/A, MIG, Bk Guda, Road, Sanjeeva Reddy Nagar, Hyderabad - 500038 (Opp to Venkateshwara Swamy Temple, Beside Gumagumalu Mess)",Hyderabad,Telangana,500038,,9980950379,4.7,Dr. Harika,Dentist,Yes,Yes,10AM to 4PM,17.4446562,78.4465344,https://gbdentalhospital.business.site/
Kalyan Dentist,Dentist,"Flat 101, Savithri Sadanamu Apartments, Main Road, Barkatpura, Hyderabad - 500027 (Opposite HDFC ATM)",Hyderabad,Telangana,500027,,9980771378,4.9,,Dentist,Yes,No,9AM-12PM,17.39503611,78.49392778,https://www.justdial.com/Hyderabad/KALYAN-DENTAL-HOSPITAL-Opposite-HDFC-ATM-Barkatpura/040PXX40-XX40-230401181012-W3Q5_BZDET?ncatid=11273042&area=&search=Best%20Dental%20Hospitals%20in%20Hyderabad%20-%20Book%20Appointment%20Online&mncatname=Dental%20Hospitals&search_id=985257bbb1298d61fa0a56f96d55273fe7409be9a4c60b2d46f8ce6e255ce11c&abd_btn=&abd_heading=
Apollo Dentist,Clinic,"Block-C, Second Floor, 473/C, Raghavendra Colony, Kondapur, Hyderabad - 500084 (Above Pure O Naturals)",Hyderabad,Telangana,500084,contact@drsivanagini.com,7947393285,4.9,Dr. Siva Nagini Yalavarthi,Dentist,Yes,Yes,10AM to 4PM,17.4697437,78.3589084,https://drsivanagini.com/
Winning Smiles Dental Lounge,Clinic,"HIG B1, Phase I I, Aphb Colony, Gachibowli, Hyderabad - 500032 (Lane Next to Radission Hotel, Opposite Dlf Gate 2)",Hyderabad,Telangana,500032,drwinningsmiles@gmail.com,8197743412,4.9,Dr. Najeeb,Dentist,Yes,Yes,9AM-12PM,17.4499908,78.3561065,https://drwinningsmiles.com/
Kjs Dentist,Dentist,"House Number 1-9-97, 2nd Floor, Maruti Rawtani Plaza, Hyderabad - 500062 (Opposite to Poulami Hospital, Next to Ankura Hospital)",Hyderabad,Telangana,500062,,8197327938,4.9,Dr. M. Venkat Reddy,Dentist,Yes,Yes,6PM to 8PM,17.481632,78.552777,http://www.kjsdental.in/
Dent Health,Clinic,"Plot No.46, H.No.82277/46, Ubi Colony, Banjara Hills, Hyderabad - 500034 (Road Number 3)",Hyderabad,Telangana,500034,,7947084290,5.0,,Dentist,Yes,No,9AM-12PM,17.42699447,78.44038083,https://www.justdial.com/Hyderabad/Dent-Health-Road-Number-3-Banjara-Hills/040PXX40-XX40-230930192443-S8S1_BZDET?ncatid=11273042&area=&search=Best%20Dental%20Hospitals%20in%20Hyderabad%20-%20Book%20Appointment%20Online&mncatname=Dental%20Hospitals&search_id=985257bbb1298d61fa0a56f96d55273fe7409be9a4c60b2d46f8ce6e255ce11c&abd_btn=&abd_heading=
National Dental Care,Clinic,"Plot No.24, 3rd Floor, P Janardhan Reddy Nagar, Gachibowli, Hyderabad - 500032 (Near Maharaja Restaurant)",Hyderabad,Telangana,500032,hydndc@gmail.com,8792382557,4.8,,Dentist,Yes,No,10AM to 4PM,17.494002,78.34552,https://www.nationaldentalcare.in/
Dr Swethas Clinic,Clinic,"9-4-84/15, Plot No: 15, Nanal Nagar X Road, Nanal Nagar-Toli Chowki, Hyderabad - 500008 (Opp Olive Hospital)",Hyderabad,Telangana,500008,,7947170776,4.6,Dr. Swethas,Dentist,Yes,No,9AM-12PM,17.3933597,78.4265114,https://irisind.in/
Saran Dental Care,Clinic,"Plot No.2, Citizen Colony, Hitention Road, Alwal, Hyderabad - 500010 (Near VBR Gardens)",Hyderabad,Telangana,500010,,7947148704,4.9,,Dentist,Yes,No,10AM to 4PM,17.5124662,78.4982231,http://www.sarandentalcare.business.site/
Sachi Multi Specialty Dentist Implant Center,Clinic,"House No : 10-3-32/9/5, Street No 10, Nehru Nagar, East Marredpally, Hyderabad - 500026 (Opp Bhandan Bank)",Hyderabad,Telangana,500026,,7947131783,4.9,,Dentist,Yes,No,9AM-12PM,17.447117,78.512213,https://www.justdial.com/Hyderabad/Sachi-Multi-Specialty-Dental-Hospital-Implant-Center-Opp-Bhandan-Bank-East-Marredpally/040PXX40-XX40-160111200047-I8D3_BZDET?ncatid=11273042&area=&search=Best%20Dental%20Hospitals%20in%20Hyderabad%20-%20Book%20Appointment%20Online&mncatname=Dental%20Hospitals&search_id=985257bbb1298d61fa0a56f96d55273fe7409be9a4c60b2d46f8ce6e255ce11c&abd_btn=&abd_heading=
Knm Smile Dentist,Clinic,"Shop No 104, 1st Floor, Sai Towers, Dilsukhnagar, Hyderabad - 500060 (Above Tipsy Topsy Bakery)",Hyderabad,Telangana,500060,,7947337524,4.6,Dr. Kiran Kumar Kotha,Dentist,Yes,No,9AM-12PM,17.36909617,78.52129684,http://www.knmsmiledentalhospitals.com/
National Dental Care,Clinic,"3rd Floor JB Plaza, Madinaguda, Hyderabad - 500049 (Above Reliance Trends Beside Centro & South India Shopping Mall)",Hyderabad,Telangana,500049,hydndc@gmail.com,7947338884,4.7,,Dentist,Yes,No,10AM to 4PM,17.494296,78.3456305,https://www.nationaldentalcare.in/
Signature Smiles Multi Speciality Dentist,Dentist,"1st Floor, Bandlaguda X Road, Nagole, Hyderabad - 500068 (Near By Santosh Dhaba)",Hyderabad,Telangana,500068,,8792924986,5.0,Dr. Arpitha Kotha,Dentist,Yes,Yes,9AM-12PM,17.37085833,78.56932444,https://www.justdial.com/Hyderabad/Dr-Arpitha-Kotha-Signature-Smiles-Multi-Speciality-Dental-Hospital-Near-By-Santosh-Dhaba-Nagole/040PXX40-XX40-170125011249-Y8U1_BZDET?ncatid=11273042&area=&search=Best%20Dental%20Hospitals%20in%20Hyderabad%20-%20Book%20Appointment%20Online&mncatname=Dental%20Hospitals&search_id=985257bbb1298d61fa0a56f96d55273fe7409be9a4c60b2d46f8ce6e255ce11c&abd_btn=&abd_heading=
Partha Dental Skin & Hair Clinic,Clinic,"Flat No- 11-9-52, First Floor, JVR Tower, Nagole Road, Kothapet, Hyderabad - 500035 (Beside Omni Hospital, Opposite Bsnl Office)",Hyderabad,Telangana,500035,,7947235752,4.5,Dr. Pallavi,Dentist,Yes,No,6PM to 8PM,17.3690191,78.5391901,https://parthadental.com/
Ethos Dental,Clinic,"Shop No.3, 1st Floor, Narsingi, Narsingi, Hyderabad - 500089 (Above Kotak Mahindra Bank Opp to Accurate Windchaimes)",Hyderabad,Telangana,500075,,8792485488,4.9,,Dentist,Yes,No,9AM-12PM,17.38477,78.360474,https://www.ethosdental.co.in/contact.html
Ethos Dental,Clinic,"Plot No.944, Opp. Vasireddy Swagruha Foods, Vivekananda Nagar, Kukatpally, Hyderabad, Telangana-500072",Hyderabad,Telangana,500072,,917207096632,4.6,,Dentist,Yes,No,9AM-12PM,17.38706346,78.36133231,https://www.ethosdental.co.in/contact.html
Smilebook International Dentistry,Clinic,"Smilebook Dentistry, Mallampet Road, Bachupally, Hyderabad - 500090 (Ratnadeep Super Market)",Hyderabad,Telangana,500090,,7947148869,4.7,,Dentist,Yes,No,10AM to 4PM,17.55454154,78.36182807,https://www.justdial.com/Hyderabad/Smilebook-International-Dentistry-Ratnadeep-Super-Market-Bachupally/040PXX40-XX40-211226211021-X8S7_BZDET?ncatid=11273042&area=&search=Best%20Dental%20Hospitals%20in%20Hyderabad%20-%20Book%20Appointment%20Online&mncatname=Dental%20Hospitals&search_id=985257bbb1298d61fa0a56f96d55273fe7409be9a4c60b2d46f8ce6e255ce11c&abd_btn=&abd_heading=
Ardently Your Million Dollar Smile,Clinic,"Ardently Ground Floor Plot No A-32, Road No 5, Film Nagar, Hyderabad - 500096 (Near Film Chamber)",Hyderabad,Telangana,500096,,9980953674,4.9,,Dentist,Yes,Yes,9AM-12PM,17.4162963,78.4111649,https://www.ardentlysmiles.com/
Lions Club mulitspeciality Dentist,Clinic,"House No 1-10-28/107/2, Apiit Colony, Ecil, Kushaiguda, Hyderabad - 500062 (Near Round Buliding)",Hyderabad,Telangana,500062,,8197433250,3.8,,Dentist,Yes,No,10AM to 4PM,17.4746649,78.5690681,https://www.justdial.com/Hyderabad/Lions-Club-mulitspeciality-dental-clinic-Near-Round-Buliding-Kushaiguda/040PXX40-XX40-121225110013-E1M5_BZDET?ncatid=11273042&area=&search=Best%20Dental%20Hospitals%20in%20Hyderabad%20-%20Book%20Appointment%20Online&mncatname=Dental%20Hospitals&search_id=985257bbb1298d61fa0a56f96d55273fe7409be9a4c60b2d46f8ce6e255ce11c&abd_btn=&abd_heading=
Bhagyanagar Dental and Orthodontic Clinic,Clinic,"Bhagyanagar Dental and Orthodontic Clinic, Balanagar, Bala Nagar, Hyderabad - 500037 (Opposite Hal Colony Gate,Behind Shobana Complex,Opposite H.A.L GATE,BALANAGAR)",Hyderabad,Telangana,500037,,8792911824,3.7,,Dentist,Yes,No,9AM-12PM,17.46416667,78.45083333,https://www.justdial.com/Hyderabad/Bhagyanagar-Dental-and-Orthodontic-Clinic-Opposite-Hal-Colony-GateBehind-Shobana-ComplexOpposite-HAL-GATEBALANAGAR-Bala-Nagar/040PXX40-XX40-000575548509-F6V1_BZDET?ncatid=10156331&area=&search=Best%20Dentists%20in%20Hyderabad%20-%20Book%20Appointment%20Online&mncatname=Dentists&search_id=204c6031d0754cba3e0f2546e0f26fce46c8f864a16935a5167f1bd87d0cdddf&abd_btn=&abd_heading=
Dr.ASHWIN'S TOOTH BOOTH,Clinic,"Plot No 26, Madhura Enclave, Bollaram, Alwal Road, Alwal, Hyderabad - 500010 (Near Select Talkies)",Hyderabad,Telangana,500010,,9980915563,4.9,Dr. Ashwin,Dentist,Yes,Yes,10AM to 4PM,17.51073056,78.50946389,http://www.dr-ashwins-tooth-booth-a-multispeciality-dental.business.site/
Smile More Dentists,Clinic,"Plot No.5, 1st Floor, Pragathi Nagar, Sainathpuram, As Rao Nagar, Hyderabad - 500062 (Near Heritage Fresh)",Hyderabad,Telangana,500062,,9980854887,4.9,,Dentist,Yes,Yes,9AM-12PM,17.47783972,78.55317472,https://www.smilemoredental.in/
Jabbaris Dentist,Clinic,"Flat No1, Sayad Ali Chabutra, Shah Ali Banda, Hyderabad - 500065 (The Big 5 Cloth Store)",Hyderabad,Telangana,500065,,7947171894,5.0,,Dentist,Yes,No,6PM to 8PM,17.3494,78.47203056,https://jabbarisdentalcare.in/
Relax Dental,Clinic,"Flat No 101, 1st Floor, Jhansi Enclave, Kukatpally, Hyderabad - 500072 (Opposite Ks Bakers)",Hyderabad,Telangana,500072,,7947209971,4.8,,Dentist,Yes,No,9AM-12PM,17.494691,78.400771,http://www.relaxdental.business.site/
Project Smiles Dental,Clinic,"Flat No.A1, Banjara Gardens, Road No 12, Banjara Hills, Hyderabad - 500034 (Above Mayur Pan Shop)",Hyderabad,Telangana,500034,,9980843490,4.9,Dr. Sarah Abdul Sattar,Dentist,Yes,No,9AM-12PM,17.4082153,78.4470282,https://www.justdial.com/Hyderabad/Project-Smiles-Dental-Above-Mayur-Pan-Shop-Banjara-Hills/040PXX40-XX40-220107144132-W2U6_BZDET?ncatid=11273042&area=&search=Best%20Dental%20Hospitals%20in%20Hyderabad%20-%20Book%20Appointment%20Online&mncatname=Dental%20Hospitals&search_id=e215e894ee160333d660c2bfb0c8b7baf0be8350f239c770fd522abaab7ccfef&abd_btn=&abd_heading=
Vasavi Cardiologist Institute,Hospital,"#6-1-91, Opp-Sensation Theater, Second Floor Lakdi-ka-pool, Khairathabad Hyderabad-004, Telangana 500004, India",Hyderabad,Telangana,500004,,91 98481 20104,4.9,Dr. Srimanarayana,Cardiologist,Yes,Yes,24 hrs,17.4119642172042,78.4637986496568,https://www.vasavihospital.in/
Apollo Heart Institutes,Hospital,"Apollo Hospital Jubilee Hills - Best Hospital Road No 72, Opp Bharatiya Vidya Bhavan School Film Nagar, International Block, Hyderabad, Telangana 500033, India",Hyderabad,Telangana,500033,info@apollohospitals.com,9118605001066,5.0,Dr. Pratap Chandra Rath,Cardiologist,Yes,Yes,24 hrs,17.4198635967324,78.4127249180806,https://hyderabad.apollohospitals.com/
Continental Hospitals,Hospital,"Plot No 3, Road No. 2, Financial District, Gachibowli, Nanakaramguda, Telangana 500032, India",Hyderabad,Telangana,500032,queries@continentalhospitals.com,91 40 6700 0000,4.6,Dr Krishna Mohan Lalukota,Cardiologist,Yes,Yes,24 hrs,17.4240609793765,78.3387669499266,https://www.continentalhospitals.com/
"CARE Hospitals, Banjara Hills",Hospital,"Rd Number 1, Prem Nagar, Banjara Hills, Hyderabad, Telangana 500034, India",Hyderabad,Telangana,500034,contact@carehospitals.com,91 40 6810 6589,4.5,Dr. Gulla Surya Prakash,Cardiologist,Yes,Yes,24 hrs,17.4148890950922,78.4505827180235,https://www.carehospitals.com/hospital-detail/care-hospital-banjara-hills
Medicover Hospitals,Hospital,"behind Cyber Towers, In the Lane of IBIS Hotels, HUDA Techno Enclave, HITEC City, Hyderabad, Telangana 500081, India",Hyderabad,Telangana,500081,info@medicoverhospitals.in,91 40 6833 4455,4.6,Dr Anil Krishna G,Cardiologist,Yes,Yes,24 hrs,17.4525191740946,78.379740673373,https://www.medicoverhospitals.in/hospitals/telangana/hyderabad/hitec-city?utm_source=GMB&utm_medium=organic&utm_campaign=Hite+city
Vivekananda Multispeciality Hospital,Hospital,"6-3-871/A, Greenlands Rd, behind Snehalatha Complex, Punjagutta Officers Colony, Begumpet, Hyderabad, Telangana 500016, India",Hyderabad,Telangana,500016,info@vivekanandahospital.in,91 89789 76644,4.8,Dr. Ranga Reddy,Cardiologist,Yes,Yes,24 hrs,17.4328816393635,78.4650478324227,https://vivekanandahospital.in/
Star Hospitals - Banjara Hills,Hospital,"8-2-596/5, Road No. 10, Gaffar Khan Colony, Banjara Hills, Hyderabad, Telangana 500034, India",Hyderabad,Telangana,500034,info@starhospitals.co.in,91 40 4477 7777,4.7,Dr. A N Patnaik,Cardiologist,Yes,Yes,24 hrs,17.4212749254531,78.4462144408378,https://starhospitals.in/?utm_source=Google&utm_medium=GMB&utm_campaign=GMB-Listings&utm_term=Best-Hospitals-in-Hyderabad
Gleneagles Global Hospitals,Hospital,"6-1-1040/1 to 4, Lakdikapul, Hyderabad, Telangana 500004, India",Hyderabad,Telangana,500004,,91 40 2349 1000,4.8,Dr M Sai Sudhakar,Cardiologist,Yes,Yes,24 hrs,17.4125738451085,78.4625413940177,https://gleneaglesglobalhospitallakdikapul.com/
"CARE Hospitals, HITEC City",Hospital,"Old Mumbai Hwy, near Cyberabad Police Commissionerate, Jayabheri Pine Valley, HITEC City, Hyderabad, Telangana 500032, India",Hyderabad,Telangana,500032,contact@carehospitals.com,91 40 6810 6589,4.5,Dr. Ashutosh Kumar,Cardiologist,Yes,Yes,24 hrs,17.4357427135359,78.3722212957197,https://www.carehospitals.com/hospital-detail/care-hospital-hi-tech-city
Mythri Hospital Mehdipatnam,Hospital,"Opp Pillar No. 81, PVNR Expressway, Inner Ring Rd, Maruthi Nagar, Mehdipatnam, Hyderabad, Telangana 500008, India",Hyderabad,Telangana,500008,info@mythrihospital.net, 91 79979 96030,4.7,Dr. Muhammad Azhar Hussain,Cardiologist,Yes,Yes,24 hrs,17.3899035905658,78.4292027945832,http://mythrihospital.net/
MaxAid Hospitals,Hospital,"8-3-224/B/5, Metro pillar No.C, 1494, Yousufguda Main Rd., Yella Reddy Guda, Hyderabad, Telangana 500045, India",Hyderabad,Telangana,500045,admin@maxaid.in,91 79939 99040,4.6,Dr. Jagadesh Madireddi,Cardiologist,Yes,Yes,24 hrs,17.4412369032083,78.4348746186,http://www.maxaid.in/
Ozone Hospitals,Hospital,"25, Rd Number 1, Narsimha Puri Colony, Huda Colony, Kothapet, Hyderabad, Telangana 500035, India",Hyderabad,Telangana,500035,info@ozonehospitals.com, 91 95333 88108,4.8,Dr. Pruthvi G,Cardiologist,Yes,Yes,24 hrs,17.3642560255973,78.5446045433886,http://www.ozonehospitals.com/
TX Hospitals Kachiguda,Hospital,"3-2-841/1, Kachiguda Station Rd, Mahalaxmi Nilayam, Kachiguda, Hyderabad, Telangana 500027, India",Hyderabad,Telangana,500027,contact@txhospitals.in,91 40 4810 8108,4.8,Dr. K. Sarat Chandra,Cardiologist,Yes,Yes,24 hrs,17.4079094217393,78.4982005819099,http://txhospitals.in/
KIMS Hospitals,Hospital,"1-112 / 86, Survey No 5 / EE, beside Union Bank, near RTA Office, Kondapur, Telangana 500084, India",Hyderabad,Telangana,500084,assistance@kimshospitals.com,91 40 4750 5050,4.7,Dr. P. Rajendra Kumar Jain,Cardiologist,Yes,Yes,24 hrs,17.4662653351231,78.3682699193286,http://www.kimshospitals.com/Kondapur/
PACE Hospitals - HITEC City,Hospital,"Metro Pillar Number C1775, 18, Hitech City Rd, HUDA Techno Enclave, HITEC City, Hyderabad, Telangana 500081, India",Hyderabad,Telangana,500081,info@pacehospitals.in, 91 40 4848 6868,4.6,Dr. Devupalli Sravan,Cardiologist,Yes,Yes,24 hrs,17.4508216485129,78.3849184415958,https://www.pacehospital.com/
Citizens Specialty Hospital - American Oncology Institute,Hospital,"1-100/1/CCH, Citizens Hospital Rd, near Aparna Cyber Life, Nallagandla, Telangana 500019, India",Hyderabad,Telangana,500019,contactus@citizenshospitals.com,91 40 6719 1919,4.6,Dr Sudheer Koganti,Cardiologist,Yes,Yes,24 hrs,17.4761405032899,78.3113954966948,http://citizenshospitals.com/
Sree Manju Hospitals,Hospital,"KPHB 5th Phase, opp. Brand Factory, KPHB 5th Phase, Kukatpally, Hyderabad, Telangana 500072, India",Hyderabad,Telangana,500072,info@sreemanjuhospitals.com, 91 77779 32772,4.7,Dr.Bharath Reddy D,Cardiologist,Yes,Yes,24 hrs,17.487569250331,78.3933305424747,https://sreemanjuhospitals.com/
Wellness Hospitals,Hospital,"7-1-27/2 & 7-1-27/C/1 to 12, Leelanagar, Ameerpet, Hyderabad, Telangana 500016, India",Hyderabad,Telangana,500016,, 91 91000 20100,4.7,Dr. SAI SUDHAKAR,Cardiologist,Yes,Yes,24 hrs,17.4417580356218,78.4523637731272,https://wellnesshospitals.in/
KIMS - Sunshine Hospitals,Hospital,"PG Road, opposite Parsi Dharamsala, Paradise, Sappu Bagh Apaprtment, Jogani, Ramgopalpet, Secunderabad, Hyderabad, Telangana 500003, India",Hyderabad,Telangana,500003,info@kimssunshine.co.in,91 40 4455 0000,4.8,Dr. Sridhar Kasturi,Cardiologist,Yes,Yes,24 hrs,17.4476605120457,78.4872931187164,https://kimssunshine.co.in/?utm_source=gmb-listing&utm_medium=organic&utm_campaign=book-an-appointment&utm_term=website-link&utm_content=kims-sunshine-hospital
Aksha Hospitals,Hospital,"1-100/29/9/4 and 4A Gopanapally, Serilingampalle (M), Telangana 500046, India",Hyderabad,Telangana,500046,akshahospitals@gmail.com,91 74025 49999,4.7,Dr.Venkat Rao RV,Cardiologist,Yes,Yes,24 hrs,17.4567500240933,78.3089516734441,https://akshahospitals.com/
Amor Hospitals,Hospital,"6-16/31/5, NH65, KKR NKNR Commercial Complex, Habeeb Nagar, Kukatpally, Hyderabad, Telangana 500072, India",Hyderabad,Telangana,500072, info@amorhospitals.in,914066069999,4.7,Dr. Imran Ul Haq,Cardiologist,Yes,Yes,24 hrs,17.4833229508201,78.4206772196006,https://amorhospitals.com/
Aware Gleneagles Global Multi-Specialty Hospital,Hospital,"8-16-1, Nagarjuna Sagar Rd, Laxmi Enclave, Bhagya Nagar, Bairamalguda, Hyderabad, Telangana 500035, India",Hyderabad,Telangana,500035,,9140 4111111,4.6,Dr Srinivasa Reddy,Cardiologist,Yes,Yes,24 hrs,17.3478945816936,78.5406265391464,https://awaregleneaglesglobalhospitallbnagar.com/
Sravani Hospitals - Multispecialty Excellence,Hospital,"Plot no 91, Cyber hills, 94, Guttala_Begumpet, Sarojini Naidu Nagar, Madhapur, Hyderabad, Telangana 500033, India",Hyderabad,Telangana,500033,,919133501555,4.7,Dr.Sri Krishna,Cardiologist,Yes,Yes,24 hrs,17.4530614617242,78.3984323962206,https://sravanihospitals.com/
Yashoda Hospitals - Somajiguda,Hospital,"6-3-905, Raj Bhavan Rd, Matha Nagar, Somajiguda, Hyderabad, Telangana 500082, India",Hyderabad,Telangana,500082,, 91 40 4567 4567,4.8,Dr. Pramod Kumar K,Cardiologist,Yes,Yes,24 hrs,17.4303385098736,78.4576904637887,https://www.yashodahospitals.com/location/somajiguda//?utm_source=Google-Business-Page&utm_medium=Somajiguda
Prasidh Hospitals ,Hospital,"PLOT NO.21, GANESH NAGAR, Sahara Rd, Telangana 500070, India",Hyderabad,Telangana,500070,info@prasidhhospitals.com, 9182970 5678,4.6,DR.SITARAM,Cardiologist,Yes,Yes,24 hrs,17.3433395717232,78.5712579480258,https://www.prasidhhospitals.com/
Apollo Hospitals DRDO,Hospital,"DMRL Cross Rd, Kanchan Bagh, Hyderabad, Telangana 500058, India",Hyderabad,Telangana,500058,,91 40 2434 2222,4.7,Dr Healthyheart Drdo,Cardiologist,Yes,Yes,24 hrs,17.347152495091,78.5073409163264,https://www.askapollo.com/hospital/hyderabad/apollo-hospitals-d-r-d-o
Apollo Hospitals | Hyderguda,Hospital,"Near, Plot No. 3-5-836 to 838, Hyderguda-Basheerbagh Rd, Old MLA Quarters, King Koti, Hyderguda, Hyderabad, Telangana 500029, India",Hyderabad,Telangana,500029,apollo_hyderguda@apollohospitals.com, 91402323 1380,4.7,Dr. P Seshagiri Rao,Cardiologist,Yes,Yes,24 hrs,17.4069555458893,78.4789792722262,https://hyderabad.apollohospitals.com/location/apollo-hospitals-hyderguda/
KIMS Hospitals,Hospital,"Begumpet, 1-8-31/1, Minister Rd, Krishna Nagar, Ramgopalpet, Secunderabad, Hyderabad, Telangana 500003, India",Hyderabad,Telangana,500003,, 91404488 5000,4.5,Dr. M. S. Satish,Cardiologist,Yes,Yes,24 hrs,17.4398260994162,78.4822031731281,http://www.kimshospitals.com/
"Srikara Hospitals, Miyapur",Hospital,"222, Phase, 2, Mythri Nagar, Hafeezpet, Madeenaguda, Hyderabad, Telangana 500049, India",Hyderabad,Telangana,500049,,91 40 4747 0000,4.5,Dr. Naga Murali,Cardiologist,Yes,Yes,24 hrs,17.4966882126942,78.3480452972196,http://www.srikarahospitals.com/
"Srikara Hospitals, Peerzadiguda",Hospital,"Beside KLM Fashion Mall Lane, Opposite Tulip Grand Hotel Medipally, Peerzadiguda, Boduppal, Hyderabad, Telangana 500098, India",Hyderabad,Telangana,500098,,91 40 6810 8108,4.7,Dr. SACHIN BHATKAR,Cardiologist,Yes,Yes,24 hrs,17.4125155998843,78.595968230986,http://www.srikarahospitals.com/
TX Hospitals Uppal,Hospital,"# 2-6-71, near Masjid, Bharat Nagar Colony, Uppal, Hyderabad, Telangana 500039, India",Hyderabad,Telangana,500039,contact@txhospitals.in,91 40 4310 8108,4.8,Dr.Dharma Rakshak Ayapati,Cardiologist,Yes,Yes,24 hrs,17.4074072465109,78.5683268901608,http://www.txhospitals.in/
Aster Prime Hospital,Hospital,"Plot No 4, HMDA Maitrivanam, Satyam Theatre Rd, beside Blue Fox Hotel, Kumar Basti, Srinivasa Nagar, Ameerpet, Hyderabad, Telangana 500038, India",Hyderabad,Telangana,500038,,91 40 4959 4959,4.6,Dr. Lanka Satyarama Krishna,Cardiologist,Yes,Yes,24 hrs,17.4383639203047,78.4467215455046,https://www.asterhospitals.in/hospitals/aster-prime-hyderabad
Yashoda Hospitals - Malakpet,Hospital,"16-10-29, Nalgonda X Roads, near New Market Metro station, Malakpet, Hyderabad, Telangana 500036, India",Hyderabad,Telangana,500036,query@yashodamail.com,91 40 4567 4567,4.8,Dr. Pramod Kumar K,Cardiologist,Yes,Yes,24 hrs,17.3802903668659,78.5002458170969,https://www.yashodahospitals.com/location/malakpet/?utm_source=Google-Business-Page&utm_medium=malakpet
Care hospitals Malakpet,Hospital,"16-6-104 to 109, Old Kamal Theater Complex Chaderghat Road, Opp Niagara Hotel, Chaderghat, Hyderabad, Telangana 500024, India",Hyderabad,Telangana,500024,contact@carehospitals.com,914068106589,4.5,Dr. A. S. V. Narayana Rao,Cardiologist,Yes,Yes,24 hrs,17.3817893523609,78.4898952489408,https://www.carehospitals.com/hospital-detail/care-hospitals-malakpet-hyderabad
CHAVAN HOSPITALS,Hospital,"8-7/20, RCI Road,Sai Nagar Colony BALAPUR, Hyderabad, Telangana 500005, India",Hyderabad,Telangana,500005,info@chavanhospitals.com,91 98498 47269,4.7,Dr. Ankit Aditya Sharma,Cardiologist,Yes,Yes,24 hrs,17.3191452508504,78.5097892611111,http://www.chavanhospitals.com/
Apollo Hospitals | Secunderabad,Hospital,"Pollicetty Towers, St. John's Road, beside Keyes High School, Secunderabad, Telangana 500003, India",Hyderabad,Telangana,500003,,91 40 2771 8888,4.7,Dr COL M Sitaram,Cardiologist,Yes,Yes,24 hrs,17.444835944565,78.5067887323733,https://hyderabad.apollohospitals.com/location/apollo-hospitals-secunderabad/
"Sunridge Multi-Speciality Hospital, Champapet, Hyderabad",Hospital,"HNo 17-1-383/N/80/A/59, opposite Manda Ram Reddy Convention, Nagarjuna Colony, Brundavan Nagar Colony, Champapet, Hyderabad, Telangana 500079, India",Hyderabad,Telangana,500079,,91 80552 23347,4.9,Dr. B. Vijay Kumar,Cardiologist,Yes,Yes,24 hrs,17.3522984685401,78.5186610164429,https://sunridgehospital.com/hospitals/champapet/
"Matlis Hospitals - Best MultiSpeciality Hospital in Madhapur, Hyderabad",Hospital,"Plot no 12, PMR Avenue, Jai Hind Gandhi Rd, Cyber Hills Colony, Madhapur, Telangana 500081, India",Hyderabad,Telangana,500081,,91 40 4709 9834,4.9,Dr. Ravi Kumar Reddy,Cardiologist,Yes,Yes,24 hrs,17.4580257943566,78.3876643189446,https://matlishospitals.co.in/
Virinchi Hospitals,Hospital,"Virinchi Circle 8-2-672/5-6, Rd Number 1, Shyam Rao Nagar, Banjara Hills, Hyderabad, Telangana 500034, India",Hyderabad,Telangana,500034,,91 40 4699 9999,4.3,Dr. A SAI RAVI SHANKER,Cardiologist,Yes,Yes,24 hrs,17.4132562781081,78.4503436269573,http://virinchihospitals.com/
Medicover Hospitals,Hospital,"7-1-21, Railway Station Rd, opp. Metro Station Begumpet, Leelanagar, Ameerpet, Hyderabad, Telangana 500016, Ind",Hyderabad,Telangana,500016,info@medicoverhospitals.in,91 40 6833 4455,4.2,Dr Anil Krishna G,Cardiologist,Yes,Yes,24 hrs,17.4439242040795,78.4590401778047,https://www.medicoverhospitals.in/hospitals/telangana/hyderabad/begumpet
Himagiri Hospitals,Hospital,"plot no 4, 5,23 & 24, Old Mumbai Hwy, Indira Nagar, Gachibowli, Hyderabad, Telangana 500032, India",Hyderabad,Telangana,500032,info@himagirihospitals.com,91 40 6810 1111,4.2,Dr. Harsha Vardhan Reddy,Cardiologist,Yes,Yes,24 hrs,17.4498270401607,78.3587070960064,http://www.himagirihospitals.com/
Glenfield Mallareddy Brain Heart Hospital,Hospital,"5-9-91, Chapel Rd, Fateh Maidan, Nampally, Hyderabad, Telangana 500001, India",Hyderabad,Telangana,500001,mohd.younusansari73@gmail.com,91 40 2323 2300,4.1,Dr. Anil Kumar,Cardiologist,Yes,Yes,24 hrs,17.4041394279838,78.4733273631288,http://www.glenfieldmallareddybrainhearthospital.com/
"CARE Hospitals, Nampally",Hospital,"Exhibition Grounds, Road, Nampally, Hyderabad, Telangana 500001, India",Hyderabad,Telangana,500001,contact@carehospitals.com,91 40 6810 6589,4.1,Dr. Aman Salwan,Cardiologist,Yes,Yes,24 hrs,17.3922690460555,78.4748272401101,https://www.carehospitals.com/hospitals/nampally/
"Guru Nanak - CARE Hospitals, Musheerabad",Hospital,"1-4-908/7/1, Musheerabad Main Rd, near Raja Deluxe Theatre, Musheerabad, Bakaram, Kavadiguda, Hyderabad, Telangana 500020, India",Hyderabad,Telangana,500020,,91 40 6810 6589,4.1,Dr. Gulla Surya Prakash,Cardiologist,Yes,Yes,24 hrs,17.4216721818187,78.4981738180928,https://www.carehospitals.com/hospitals/musheerabad/
Premier Hospital,Hospital,"12-2-718, Khader Bagh Rd, Padmanabha Nagar, Toli Chowki, Hyderabad, Telangana 500008, India",Hyderabad,Telangana,500008,helpdesk@premierhospital.in,91 83747 18100,4.3,Dr. Malleswara Rao,Cardiologist,Yes,Yes,24 hrs,17.399102976183,78.4265529720357,http://www.premierhospital.in/
KINGSTON HOSPITALS,Hospital,"ROAD NO 1, BANJARA HILLS, Owaisi Pura, Masab Tank, Hyderabad, Telangana 500028, India",Hyderabad,Telangana,500028,info@kingstonhospitals.in,91 91000 10007,4.3,Dr. Amin Uddin Owaisi,Cardiologist,Yes,Yes,24 hrs,17.410714160126,78.4514249950959,https://kingstonhospitals.in/
Archana Hospital ( A block),Hospital,"1-56/AH, NH 65, beside Reliance Digital, Madinaguda, Durga Estates, Miyapur, Hyderabad, Telangana 500049, India",Hyderabad,Telangana,500049,contact@archanahospitals.com,91 40 7107 1000,4.0,DR.VEERA VENKATA RAO.R,Cardiologist,Yes,Yes,24 hrs,17.5042008231299,78.3364243290987,https://archanahospitals.com/
Sidarth Hospitals,Hospital,"Mythri Nagar, Madeenaguda, Hafeezpet, Miyapur, Hyderabad, Telangana 500049, India",Hyderabad,Telangana,500049,info@sidarthhospitals.com,91 40 2020 2000,4.4,Dr. Ajit Kumar Patnaik,Cardiologist,Yes,Yes,24 hrs,17.4984352233709,78.3475190654864,https://www.sidarthhospitals.com/
Nikhil Hospitals - Dilsukhnagar,Hospital,"Gaddi Annaram Cross Road, Dilsukh Nagar Main Rd, Dilsukhnagar, Hyderabad, Telangana 500036, India",Hyderabad,Telangana,500036,contact@nikhilhospitals.com,91 40 7124 1111,4.3,Dr Nishant Sunkarineni,Cardiologist,Yes,Yes,24 hrs,17.3760200156898,78.5207281169458,https://www.nikhilhospitals.com/
Bhrungi Hospitals,Hospital,"5-8-50/93, Nagarjuna Sagar Rd, near Venkateswara Swamy Temple, Sripuram Colony, Highway, B.N Reddy Nagar, Hyderabad, Telangana 500070, India",Hyderabad,Telangana,500090,info@bhrungihospitals.com,91 40 4410 8108,4.3,Dr. Raghavendhar Goud Akkala,Cardiologist,Yes,Yes,24 hrs,17.320959288244,78.5619354611074,https://www.bhrungihospitals.com/
Eye Care,Hospital,"16-10, Metro Pillar noA1422 Under Louis Braille Flyover,48/A, Nalgonda X Road, Chaderghat, Malakpet",Hyderabad,Telanagana,500036,info@eyecarehyderabad.com,919246585883,4.5,Dr. T Swetha,Eye specialist,Yes,Yes,9AM - 7:30 PM,17.374749913731,78.5138858837753,https://eyecarehyd.com/
Challa Eye Care Centre,Hospital,"Lane, Rd Number2, Beside Mugdha Art Studio, Sagar Society, Banjara Hills ",Hyderabad,Telanagana,500034,challaeyecare@gmail.com,919849204178,4.8,Dr. Keerthi,Eye specialist,Yes,Yes,10AM-8PM,17.4358945084398,78.4321982711997,https://www.challaeyecare.com/
Maxvision Super Specialiity Eyel,Hospital,"Shams Towers, H.No. 17-1-388/C/15,IS Sadam Rd, opp.ratna maternity hospital, Santosh Nagar",Hyderabad,Telanagana,500059,info@maxivisioneyehospital.com,919390110000,4.8,Dr. B Shreya Reddy,Eye specialist,No,Yes,9AM - 7PM,17.3602154681957,78.5050405784619,https://www.maxivisioneyehospital.com/
Centre for Sight Super Speciality,Hospital,"Ashoka Capitol. Building, Road No.2, Park View Enclave, Banjara Hills",Hyderabad,Telanagana,500034,infohyderabad@centreforsight.net,18001200477,4.5,Dr. Rachita Sarangi,Eye specialist,No,Yes,8AM -7PM,17.4324435569343,78.4216983869007,https://www.centreforsight.net/eye-hospitals-in-india/hyderabad/banjara-hills/
Win Vision Eye Hospitals,Hospital,"6-3-868, 2, Greenlands Rd, Greenlands, Begumpet",Hyderabad,Telanagana,500016,info@winvision.in,040 23408888,4.9,Dr. Satish Gupta,Eye specialist,No,No,8AM- 8PM,17.4424351269209,78.4552713553366,https://winvision.in/
Baabaji Nethralaya Eye  Hospital,Hospital,"MIG-304,Beside Global Edge School, Road No: 4, KPHB Colony",Hyderabad,Telanagana,500072,baabajinethralaya@gmail.com,917330702025,4.6,Dr A. Sidda Reddy,Eye specialist,Yes,Yes,10AM to 9PM,17.4983617661691,78.3965735339754,https://baabajinethralaya.com/
Smartvision Eye  Hospital,Hospital,"Besides Ratnadeep Supermarket, Plot No 143,srinagar Colony Main Rd,Srinagar Colony,sri nagar Colony, Venkateshwara Hills",Hyderabad,Telanagana,500073,,919885853344,4.9,Dr. Apoorva Munigela,Eye specialist,Yes,Yes,9AM - 8:30 PM,17.43754,78.44057,https://www.smartvisioneyehospitals.com
Dr  Agarwals Eye Hospitals,Hospital,"Hostel, No 3/6/262 Old MLA, MAIn rd, nextt to Ratnadeep Supper Market, Himayatnagar",Hyderabad,Telanagana,500029,,8048195009,4.7,Dr. Sumanth Reddy J,Eye specialist,No,No,9AM - 8PM,17.40346,78.4874,https://www.dragarwal.com/eye-hospital/himayat-nagar/?utm_source=locator&utm_medium=googleplaces
Dr Kiran's Eye Hospital,Hospital,"MIG 88, KPHB colony, Road No 1. HPHB phase 1, Kukatpally Hosuing Board Colony",Hyderabad,Telanagana,500072,info@drkiranseyehospitals.com,7997044567,4.8,Dr. Prathyusha P,Eye specialist,Yes,Yes,9AM - 7:30 PM,17.49512,78.40113,https://www.drkiranseyehospitals.com/
Dr. Madhavi's Eye Hospital,Hospital,"5th Floor, Apurupa Kushi, Metro Pillar:1710, Beside Madhapur Police Station, opposite Benz Showroom, Madhapur",Hyderabad,Telanagana,500033,,9490230245,4.8,Dr. Madhavi Latha,Eye specialist,No,Yes,9AM - 7PM,17.44413,78.39492,https://drmadhaviseyehospitals.com/
Shree Meenakshi Eye Hospital,Hospital,"SBI bank, 2-1-503/2, Street no 8, Nallakunta Main Rd, Beside Nallakunta, New Nallakunta",Hyderabad,Telanagana,500044,sarjuneye@gmail.com,9381848072,4.9,Dr Srirampur Jayanth,Eye specialist,Yes,Yes,10AM-8PM,17.4028,78.50584,https://shreemeenakshieyehospital.com/
Saijyothi Eye Hospital,Hospital,"Plot No 185, Rd Number 1, next to Kennedy School, Aswini Colny, west Marredpally",Hyderabad,Telanagana,500026,saijyothieyehospital@gmail.com,9494290777,4.8,Dr. Advaith Sai Alampur,Eye specialist,Yes,Yes,9AM-8PM,17.4532,78.50262,https://saijyothieyehospital.com/
Sri Shankara Nethralaya Eye Hospital,Hospital,"1-116/1,NH 65, opposite KFC, Miyapur",Hyderabad,Telanagana,500049,info@srishankaranethralaya.com,9959635000,4.5,Dr. Ankitha Reddy,Eye specialist,Yes,Yes,10:30 AM - 6PM,17.50137,78.35502,https://www.srishankaranethralaya.com/
Sreenetralaya Eye Hospitals,Hospital,"Gachibowli-Miyapur Rd, Hanuman Nagar, Prashanth Nagar Colony, Kondapur",Hyderabad,Telanagana,5000084,,7036661125,4.4,Dr. P. Sreenivassa Rao,Eye specialist,Yes,No,9 AM - 8 PM,17.4659,78.36692,https://www.sreenetralaya.org/
Citi Eye Hospital,Hospital,"Plot No. 102, Prashanti Hills, Raidurgam, Khajaguda",Hyderabad,Telanagana,500032,contact@citieyehospitals.com,7207773257,4.9,Dr. K.B. Nandkishore,Eye specialist,No,Yes,10AM-8PM,17.42615,78.37779,https://www.citieyehospitals.com
Clear Vision Eye Hospital,Hospital,"Opp:Telugu Academy, NVK Tower, 3-6-272, Himayatnagar",Hyderabad,Telanagana,500029,info@clearvision.co.in,8008888511,4.9,Dr. N. NaveenaI,Eye specialist,Yes,Yes,10AM-8PM,17.40472,78.48397,https://www.clearvision.co.in/
MediVision Eye Care Centre,Clinic,"304/F/1, 10/3, Indira Sadan, Humayun,4, Masab Tank Road, near NMDC,Humayunn Nagar",Hyderabad,Telanagana,500028,info@medivisioneyecare.com,9000016277,3.8,Dr. K. Ravi Kumar Reddy,Eye specialist,No,Yes,8AM - 8:30PM,17.40327,78.44826,https://medivisioneyecare.com/
Centre for sight Super Speciality Eye Hospital,Hospital,"Ashoka Capitol, Building, Road No. 2, Park View Enclave, Banjara Hills",Hyderabad,Telanagana,500034,infohyderabad@centreforsight.net,18001200477,4.5,Dr. Rachita Sarangi,Eye specialist,No,No,8AM -7PM,17.42982,78.42187,https://www.centreforsight.net/eye-hospitals-in-india/hyderabad/banjara-hills/
Think Eye Superspeciality Eye Hospital,Hospital,"4th floor, ARD MAGNUM green hills road, Moosapet, Kukatpally",Hyderabad,Telanagana,500018,thinkeyehospital@gmail.com,7995917995,4.5,Dr A Mamatha Reddy,Eye specialist,No,No,10 AM - 6PM,17.47532,78.41255,https://thinkeyehospitals.com/
Eyemax Eye Hospitals,Hospital,"P & T col, 42, Road No 1, Uppal,beside Mahindra Motor,Sai Residency, Canara nagar, Boduppal",Hyderabad,Telanagana,500098,,9594924026,4.5,Dr. Neera Kanjani,Eye specialist,No,No,9AM-8PM,17.41318,78.69611,https://www.dragarwal.com/eye-hospital/uppal/?utm_source=locator&utm_medium=googleplaces
Vasan Eye Care,Hospital,"Plot NNo. 15, 17-1-382/R//15, A.P.S.R.T.C. officers Colony, Santosh Nagar, Saidabad",Hyderabad,Telanagana,500059,chairman.feedback@vasaneye.in,4439890000,4.8,Dr. Pidugu Bhargavi,Eye specialist,No,Yes,9AM-8PM,17.35024,78.52404,http://vasaneye.com/
Drishti Eye Centre,Hospital,"114/A, Lane Opp SBI, Yella Reddy Guda Rd,Srinagr Colony",Hyderabad,Telanagana,500037,drishtieyehospitals@gmail.com,8008133354,4.8,Dr. Vineeth ,Eye specialist,No,Yes,10AM-7PM,17.43577,78.44429,http://www.drishtieyecentre.org/
High Sight Super Specialty Eye Hospital,Hospital,"Near Ashiana Funaction Hall, Gaffarkhan, No.10, Venkatramana Colony Rd, Banjara Hills",Hyderabad,Telanagana,500034,,7337337477,4.5,Dr. Usha Chadalavada,Eye specialist,Yes,Yes,8 AM - 7PM,17.42428,78.44833,https://highsighteyehospitals.com/
Gloabal Eye Hospital,Hospital,"Plot No:197,Rd Number 1, M J Colony,Kukatpally Housing Board Colony",Hyderabad,Telanagana,500072,hydglobaleyehospital@gmail.com,8008228811,4.8,Dr. Siva Wurity,Eye specialist,No,No,9 AM - 8 PM,17.49984,78.40255,https://globaleyehospital.com/
Bhagyalatha Hospital,Hospital,"Bus Stop, Gate 2, 4-12-235,Bhagyalatha Hospital, Bhagyalatha  Colony Vanasthalipuram, near Bhagyalatha, Hayathnagar_Khalsa",Hyderabad,Telanagana,500070,bhagyalathahospital@gmail.com,9749111666,4.7,Dr. Uma ,Eye specialist,No,Yes,9AM-9PM,17.33526,78.58822,https://bhagyalathahospital.com/
Dr Akbar Super Speciality Eye Hospital,Hospital,"12-2-831/87, Asif Nagar Rd, MIGH colony, Mehdipatnam",Hyderabad,Telanagana,500038,,4066362660,4.6,Dr. Rani Aishwarya,Eye specialist,Yes,Yes,10 AM-8:30PM,17.39967,78.44201,https://drakbareyehospitals.com/
Gagana Eye Hospital,Hospital,"Plot #10, Second Floor, My Home Vihanga Road,Wipro Circle,behind Q City, Gachibowli",Hyderabad,Telanagana,500032,info@gaganaeyehospitals.com,8500001123,4.7,Dr. Sudha,Eye specialist,Yes,Yes,10AM-8:30PM,17.43331,78.33311,https://www.gaganaeyehospitals.com/
Sharp Vision Eye Hospitals,Hospital,"8-1-298/C/1, Dwaraka Nagar Colony, KLM Villa, Shaikpet",Hyderabad,Telanagana,500008,drpraneethputti@gmail.com,8645868788,4.9,Dr. Praneeth,Eye specialist,No,Yes,10AM- 8PM,17.41635,78.39873,https://www.sharpvisioneyehospiytal.com/
Spark Eye Care Hospitals,Hospital,"16-2-705/9/12/A-F, opp.Reliance Trends, New Malakpet",Hyderabad,Telanagana,500036,,4024542000,4.8,Dr. G. Navneetha,Eye specialist,No,Yes,2PM-4PM,17.37911,78.50996,https://sparkeyecare.com/
Shanthi Nethralaya Eye Hospital,Hospital,"Shanthi Nagar, Uppal",Hyderabad,Telanagana,500039,shanthinethralaya@gmail.com,8074661750,4.8,Dr A. Sidda Reddy,Eye specialist,No,Yes,9AM-8PM,17.40582,78.5719,https://shanthinethralaya.com/
Asharfi Devi Eye Clinic,Clinic,"Lane, 5,opp. to High Court Road,MGR Complex, Ghansi Bazaar",Hyderabad,Telanagana,500002,asharfidevieyecare@gmail.com,6300781634,4.5,Dr. Rajesh Agarwal,Eye specialist,Yes,Yes,6PM - 9PM,17.37281,78.47215,https://asharfidevieyeclinic.com/
Eswar Eye Hospital,Hospital,"MIG 311,Road No. 4, Kukatpally Housing Board Colony, Kukatpally",Hyderabad,Telanagana,500072,info@eswareye.com,9177451477,4.2,Dr. Eswar,Eye specialist,Yes,Yes,9:30AM-7PM,17.50072,78.3982,https://www.eswareye.com/
Ramesh Lasik and Laser Centre,Clinic,"3-6-273/274, 3rd Floor, Apurupa L N Chambers, Above Indusinf Bank, Near Old MLA quaters,opp Telanagana Tourism, Himayath Nagar",Hyderabad,Telanagana,500029,ramesh_gampa@yahoo.co.in,9440275820,4.3,Dr. Ramesh Gampa,Eye specialist,Yes,Yes,9AM-5PM,17.40454,78.48434,https://rameshlasikcentre.com/
Eyecure Hospital,Hospital,"Ward No 7 Secunderabad, Lal Bazaar, Tirumalagiri,Secunderabad",Hyderabad,Telanagana,500015,info@eyecurehospital.com,9504858687,4.9,Dr. P Divya Bachu,Eye specialist,No,Yes,10AM-7PM,17.48182,78.50956,https://eyecurehospital.com/
Prime Retina Eye Care,Clinic,"3-6-106/1,street Number 19, Opposite to Vijaya Diagnostic Centre,Himayatnagar, AP State Housing Board, Himayatnagar",Hyderabad,Telanagana,500029,primeretina@gmail.com,8886310202,4.7,Dr. Sandeep Banchu,Eye specialist,Yes,Yes,9AM-5PM,17.41396,78.48085,https://www.primeretina.com/
Spectra Eye Clinic and Optiicals,Clinic,"Besides Khazana Jewellery Lane, Chaitanyapuri Main Rd, near Geeta Hospitals, Chaitanyapuri ",Hyderabad,Telanagana,500060,,9703726012,4.8,Dr. Rakesh,Eye specialist,No,Yes,9:30AM - 9:30PM,17.37545,78.5324,https://spectraeyeclinicandopticals.business.site/?utm_source=gmb&utm_medium=referral
American Laser Eye Hospital,Hospital,"B First Floor, Block B, House No: 1-57/182, Area Admeasuring 1500 Sq.Feet,Kondapur,SriRam Nagar Colony",Hyderabad,Telanagana,500084,support@amaericanlasereyehospitals.com,918989717171,4.9,Dr. Bharath,Eye specialist,No,Yes,10AM-9P,17.4673,78.35494,https://americanlasereyehospitals.com/
Eye Hospital,Hospital,"CCQH+25G, Near Check Post, Yadagiri Nagar, Yoususfguda",Hyderabad,Telanagana,500045,info@dragarwal.com,9594924026,3.0,Dr. Nita A Shah,Eye specialist,Yes,Yes,10AM-9PM,17.44327,78.42761,https://www.dragarwal.com/
Pristine Eye Hospital,Hospital,"Survey No.64, Ground and first Flooe, No.25/Summit, Huda Techno Enclave Rd, next to Raidurg Metro station, phase 2, Madhapur",Hyderabad,Telanagana,500081,appointment@pristineeyehospitals.com,9000852020,4.9,Dr. Jagadesh Reddy,Eye specialist,Yes,Yes,9AM-7PM,17.44646,78.37681,Https://www.pristineeyehospitals.com/
Suseela Netralaya Super Speciality Eye Hospital,Hospital,"Plot No.5, First Floor,Above Vijaya Diagnostics, SriRam Nagar Colony Pipeline Road, Shaikpet Main Rd, Puppalguda",Hyderabad,Telanagana,500089,sudhakar.snmh@gmail.com,9100944163,4.5,Dr. Suseela,Eye specialist,Yes,Yes,9:30 AM-9PM,17.40891,78.38511,https://manikonda.suseelanetralaya.com/
Dr. Ram's Eye Hospital,Hospital,"At Vijaya Hospital, Mumbai Hwy, Opposite Reliance Trends",Hyderabad,Telanagana,500049,,8188117268,4.8,Dr.Sitaram Phani Kumar,Eye specialist,Yes,Yes,10AM-5PM,17.50107,78.34733,http://drramseyehospital.in/
Swarup Eye Centre,Clinic,"#5-9-163,chapel Rd, near Staneley College, Abids",Hyderabad,Telanagana,500001,,8886309030,4.8,Dr. Manoj C Mathur,Eye specialist,Yes,Yes,9AM-7PM,17.4001,78.47073,https://swaupeye.com/
Prema Eye Care,Clinic,"PlotNo.21, Prema Nivas, G-Block colony, A S Rao Nagar",Hyderabad,Telanagana,500062,premaeyecarecentre@gmail.com,9966992368,4.5,Dr.D.S.Mitta,Eye specialist,Yes,Yes,9AM-12PM,17.4811,78.55402,Https://www.premaeyecarecentre.com/
Eyeris Eye Care ,Clinic,"1-4-200/106/A/SF, 2nd floor, GV Plaza, Hi-Tension Rd, Eshwaripuri colony,sainikpuri,secunderabad",Hyderabad,Telanagana,500094,dr.hari@eyeriseyecare.com,9381193029,4.6,Dr Harikrishnan Vannadil,Eye specialist,No,Yes,10AM - 4PM,17.49166,78.55027,Https://eyeriseyecare.in/
Tanvi Eye Center,Clinic,"23 & 24 , Sanjeev Housing Colony, E Marredpally, Mahendra Hills , Secunderabad",Hyderabad,Telanagana,500026,,9866161991,4.7,Dr.S Vasudeva Reddy,Eye specialist,No,No,7AM-6PM,17.45678,78.51328,Https://tanvi-eye-center.business.site/
Akshaya Advanced Eye Care Center,Clinic,"Indo Arabian, Mandi Lane, Sri Nagar Colony, Kamlapuri Colony,Yosufguda",Hyderabad,Telanagana,500073,,7207416651,3.5,Dr. Akshaya,Eye specialist,Yes,Yes,8AM-6PM,17.43467,78.42879,hhtp://www.aaecc.in/
Dr.K. Ramakanth Reddy,Clinic,"114/B,Lane, Yella Reddy Guda Rd, opp. SBI,Srinagar Colony, Banjara Hills",Hyderabad,Telanagana,500037,,8008133354,4.4,Dr.K.Ramakanth Reddy,Eye specialist,Yes,Yes,2PM-6PM,17.42967,78.44374,https://drishti-eye-hospitals-dr-k-ramakanth-reddy.business.site/
Aravind Eye Hospitals,Hospital,"Pillar No 19 Near St.Anns Women's college, 12-2-284,Pv Narasimha Rao Expy",Hyderabad,Telanagana,500028,,4029557743,4.2,Dr. Aravind,Eye specialist,Yes,Yes,9 AM - 8 PM,17.39841,78.43768,http://aravindeyecarehospitals.com/
Advanced Retina Care Eye Hospital,Hospital,"Behind Model House,Dwarakapuri, Punjagutta",Hyderabad,Telanagana,500082,advancedretinacare@gmail.com,7207470077,4.8,Dr. Anina Abaraham,Eye specialist,Yes,Yes,9AM-5PM,17.42996,78.45387,https://advancedretinacare.com/
Vinayaka Nethralaya Eye hospital,Hospital,"House No. 9-4-84/15, 3rd Floor, 15 Menon Square,Above iris diagnostics opp:olive hospital, Nanal Nagar Cross Roads,Toli Chowki, Mehdipantnam",Hyderabad,Telanagana,500008,vinayakanethralayaeyehospital@gmail.com,9677920539,4.5,Dr. Udaya Sree G,Eye specialist,No,No,10AM-7PM,17.40042,78.42639,Https://vinayakanethralayaeyehospital.com/best-eye-hospital-in-mehdipatnam-hyderabad-eye-hospitals-near-me-eye-hospitals-tolichowki-nanal-nagr/
Ankura Hospital for Women & Children,Hospital,"Sy no 8 & 163, Narsing Nanakramguda Service Rd, opposite to Concu, near to Karachi bakery, Chaitanya Enclave, Gachibowli.",Hyderabad,Telanagana,500008,gachibowli@ankurahospital.com,919053108108,4.2,Dr. Gottipati Naveen Kumar,Pediatrician,No,yes,24 hours,17.4179706377621,78.364011752675,https://www.ankurahospitals.com/women-and-childcare-hospital-in-gachibowli/
Vistara child  development center,Clinic,"1-9-337, Mani Nagar, near Q City, TNGO's Colony Phase 2, Financial District, Gachibowli", Hyderabad,Telangana,500032,admin@vistaratherapy.com,919094775026 ,5.0,Dr. Naga Srava,Pediatrician,No,No,9:00am to 6:00pm,17.4320250581822,78.3340538945887,https://vistaratherapy.com/
"Rainbow Children's Clinic, Birthright Women's Clinic & Fertility Centre ",Hospital,"Survey No, 9, White Field Rd, Jubilee Enclave, HITEC City", Hyderabad,Telangana,500081,info@rainbowhospitals.com,8035358317,4.8,Dr. FAISAL B NAHDI,Pediatrician,Yes,yes,24 hours,17.455750587428,78.3728385578179,https://www.rainbowhospitals.in/?utm_source=gmb&utm_medium=organic&utm_campaign=rainbow_hospitals
"CARE Hospitals, HITEC City ",Hospital,"Old Mumbai Hwy, near Cyberabad Police Commissionerate, Jayabheri Pine Valley, HITEC City", Hyderabad,Telangana,500032,info@carehospitals.com,914068106589,4.5,Dr. Ganta Rami Reddy,Pediatrician,Yes,Yes,24 hours,17.4321466239044,78.3720335873827,https://www.carehospitals.com/hospital-detail/care-hospital-hi-tech-city
Chinnari Children Hospital,Hospital,"H.No:2, 109/B, Sai Nagar, Chaitanyapuri, Dilsukhnagar", Hyderabad,Telangana,500060,info@chinnarihospitals.com,914024141794,4.3,Dr. Arun Kumar,Pediatrician,No,No,9:00am to 9:00pm,17.3724453268694,78.5319914368197,https://chinnarichildrenhospital.business.site/
Sri Lakshmi Hospital for Women & Children,Hospital,"Pochamma Mysamma, Metro pillar no: 1555, Santhoshi Maatha Temple Rd, Chaitanyapuri, Dilsukhnagar", Hyderabad,Telangana,500060,,919959378555,3.9,Dr. Smitha Kore,Pediatrician,No,Yes,24 hours,17.3866939160373,78.527384179328,https://sri-lakshmi-hospital-for-women-children.business.site/?utm_source=gmb&utm_medium=referral
Safe Children's Hospital,Hospital,"D/5, Hyderabad - Nagarjuna Sagar Rd, Malakpet", Hyderabad,Telangana,500036,admin@safehospital.com,918466996364,3.1,Dr. Ershad Mustafa,Pediatrician,No,Yes,24 hours,17.3727793867925,78.5141236746399,http://www.safechildrenshospital.com/
Sri Teja hospital for women n child,Hospital,"Road no:1, Karmanghat Rd, Jyothi Nagar, Kharmanghat", Hyderabad,Telangana,500079,admin@sritejahospital.com,8341499366,3.8,Dr. G Rajanna,Pediatrician,No,Yes,10:00am to 9:00pm,17.3553406448407,78.5312708434052,https://sri-teja-womens-clinic.business.site/
"Rainbow Children's Hospital & BirthRight by Rainbow, LB Nagar",Hospital,"73/C 73/D Survey No # 52, Saraswathi Nagar Colony, L. B. Nagar, Mansoorabad", Hyderabad,Telangana,500074,info@rainbowhospitals.com,918037836513,4.1,Dr. REENA LANKALA,Pediatrician,Yes,Yes,24 hours,17.3417810095174,78.5587790281302,https://www.rainbowhospitals.in/our-centre/hyderabad/lb-nagar?utm_source=gmb&utm_medium=organic&utm_campaign=rainbow_hospitals
SRI SAI BHAVANI SPECIALITY CLINIC,Clinic,"Beside Kanaka Durga Matha Temple Bank colony road no 1 Bank Colony, Prashanth Nagar, Uppal", Hyderabad,Telangana,500039,,8106962224,5.0,Dr.Sampath,Pediatrician,No,No,9:00am to 10:00pm,17.4139444564113,78.5602084010845,https://sri-sai-bhavani-childrens-clinic.business.site/?utm_source=gmb&utm_medium=referral
TX Hospitals Uppal,Hospital,"# 2-6-71, near Masjid, Bharat Nagar Colony, Uppal", Hyderabad,Telangana,500039,admin@txhospitals.com,914043108108,4.8,Dr. Srikanth Vodnala,Pediatrician,Yes,Yes,24 hours,17.4023572101747,78.5669592693775,https://txhospitals.in/specialities/mother-and-child/
Miracle Hospital for Women and Children,Hospital,"19 opp Tulip Grand Hotel, Pillar no.94 Canara Nagar, Boduppal, Peerzadiguda", Hyderabad,Telangana,500039,info@miraclehospitals.in,917440108108,4.8,Dr. Suhas Nalla,Pediatrician,Yes,Yes,24 hours,17.4069129836742,78.5969286647068,https://miraclehospitals.in/
Hope Children's Hospital & Vaccination Center,Hospital,"5-9-24/81, Lake Hill Road, Basheerbagh", Hyderabad,Telangana,500063,info@hopechildrenshospital.com,919100082700,4.1,Dr madan mohan rao,Pediatrician,Yes,Yes,24 hours,17.4067341589648,78.4734319358709,https://www.hopechildrenshospital.com/
Kamineni Hospitals,Hospital,"Bogulkunta, Hyderguda", Hyderabad,Telangana,500001,info@kaminenihospitals.com,917036270362,4.3,DR. S NARASIMHA RAO,Pediatrician,Yes,Yes,24 hours,17.4066727338903,78.4728525787292,https://kaminenihospitals.com/lb-nagar/pediatrics/
Aditya Hospital,Hospital,"4-1-16, Tilak Rd, Bogulkunta, Abids", Hyderabad,Telangana,500001,info@adityahospital.com,914041424344,3.5,Dr. T. Satish Kumar,Pediatrician,Yes,Yes,24 hours,17.3905564672378,78.4812189953942,https://www.adityahospital.com/
Muslim Maternity and Children's Hospital,Hospital,"16-6-326, Osmanpura Colony, Noorkhan Bazaar, Chaderghat", Hyderabad,Telangana,500024, muslimmaternityhospital@gmail.com,919154145387,4.2,Dr . Vinay Kumar,Pediatrician,Yes,Yes,24 hours,17.3752912868919,78.4901837242298,https://www.muslimmaternityhospital.in/
Apollo Spectra Hospitals,Hospital,"7-1-57/B&C, Shyam Karan Rd,Ameerpet",Hyderabad,Telangana,500016,contactus@apollospectra.com,914023782378,4.7,Dr.Murthy,Pediatrician,Yes,Yes,24 hours,17.4378427260027,78.4526512153438,https://www.apollospectra.com/
Wellness Hospitals,Hospital,"7-1-79, A & B, DK Rd, Swathi Avenue, Ameerpet",Hyderabad,Telangana,500016,info@wellnesshospitals.com,919100020100,4.9,Dr. Bommineni Shravya,Pediatrician,Yes,Yes,24 hours,17.4367351387805,78.452711940366,https://wellnesshospitals.in/
Aster Prime Hospital,Hospital,"Plot No 4, HMDA Maitrivanam, Satyam Theatre Rd, beside Blue Fox Hotel, Kumar Basti, Srinivasa Nagar, Ameerpet",Hyderabad,Telangana,500016,crm.prime@asterhospital.com,914049594959,4.6,Dr. Narender T,Pediatrician,Yes,Yes,24 hours,17.4378178778455,78.4460284665591,https://www.asterhospitals.in/
Dr. Madhu Mohan Reddy,Clinic,"CFQ2C6Q, DK Rd, Swathi Avenue, Ameerpet",Hyderabad,Telangana,500016, madhusupri@yahoo.com,914066667779,3.3,Dr. Madhu Mohan Reddy,Pediatrician,No,No,10:00am to 9:00pm,17.4387064280273,78.450591616294,http://www.drmadhumohanreddy.com/
Dr Murali Mohan Children's Clinic,Clinic,"8-3-319/11, Yella Reddy Guda,Ameerpet",Hyderabad,Telangana,500073,mmohan@yahoo.com,914048524008,2.9,Dr Murali Mohan,Pediatrician,No,No,11:00am to 9:00pm,17.4320449756697,78.4399182686759,https://dr-murali-mohan-childrens-clinic.business.site/
Rainbow Children's Hospital,Hospital,"Rainbow Children's Hospital & BirthRight By Rainbow, Road No. 2, Sri Nagar Colony, Kamalapuri Colony, Banjara Hills",Hyderabad,Telangana,500034,info@rainbowhospitals.com,918035358317,4.5,Dr Aparna Reddy,Pediatrician,Yes,Yes,24 hours,17.4256980313146,78.4320112530668,https://www.rainbowhospitals.in/
Little Stars & She | Women and Children Hospital,Hospital,"Ascent Towers, 8-2-596, Road No. 10, near SBI Bank, Gaffar Khan Colony, Banjara Hills",Hyderabad,Telangana,500034,info@lsch.in,914066992345,4.4,Dr. Satish,Pediatrician,Yes,Yes,24 hours,17.4185955888,78.446762824328,https://www.littlestarsandshe.com/
Sri Childrens Clinic,Clinic,"P-6, Ground Floor U B I Colony, Road No 3, Banjara Hills",Hyderabad,Telangana,500034,info@sri.com,914023607422,5.0,Dr.Hema Nalini Kandru,Pediatrician,No,No,10:00am to 9:00pm,17.4255385175435,78.4369245169929,https://srichildrensclinic.business.site/
Apollo Cradle Maternity & Children's Hospital,Hospital,"Society Ltd, Dharani Devi Building Plot No. 565, Road No. 92 Jubilee Hills Co-Op building",Hyderabad,Telangana,500034,admin@applohospitals.com,919821656657,4.7,Dr.Mythri Sharan,Pediatrician,Yes,Yes,24 hours,17.4166829596291,78.4175470665587,https://www.apollocradle.com/
